{
    "UrlLocal": "england_epl/2014-2015/2015-02-21 - 18-00 Crystal Palace 1 - 2 Arsenal/",
    "UrlYoutube": "",
    "annotations": [
        {
            "gameTime": "1 - 00:05",
            "label": "header (unchallenged)",
            "position": "5284",
            "team": "not applicable",
            "visibility": "not applicable"
        },
        {
            "gameTime": "1 - 00:07",
            "label": "header (unchallenged)",
            "position": "7675",
            "team": "not applicable",
            "visibility": "not applicable"
        },
        {
            "gameTime": "1 - 00:11",
            "label": "header (unchallenged)",
            "position": "11554",
            "team": "not applicable",
            "visibility": "not applicable"
        },
        {
            "gameTime": "1 - 00:26",
            "label": "header (unchallenged)",
            "position": "26202",
            "team": "not applicable",
            "visibility": "not applicable"
        },
        {
            "gameTime": "1 - 00:35",
            "label": "header (challenged)",
            "position": "35357",
            "team": "not applicable",
            "visibility": "not applicable"
        },
        {
            "gameTime": "1 - 00:59",
            "label": "header (unchallenged)",
            "position": "59780",
            "team": "not applicable",
            "visibility": "not applicable"
        },
        {
            "gameTime": "1 - 02:23",
            "label": "header (unchallenged)",
            "position": "143509",
            "team": "not applicable",
            "visibility": "not applicable"
        },
        {
            "gameTime": "1 - 02:40",
            "label": "header (challenged)",
            "position": "160163",
            "team": "not applicable",
            "visibility": "not applicable"
        },
        {
            "gameTime": "1 - 03:21",
            "label": "header (challenged)",
            "position": "201520",
            "team": "not applicable",
            "visibility": "not applicable"
        },
        {
            "gameTime": "1 - 04:27",
            "label": "header (challenged)",
            "position": "267542",
            "team": "not applicable",
            "visibility": "not applicable"
        },
        {
            "gameTime": "1 - 04:29",
            "label": "header (challenged)",
            "position": "269953",
            "team": "not applicable",
            "visibility": "not applicable"
        },
        {
            "gameTime": "1 - 04:31",
            "label": "header (challenged)",
            "position": "271556",
            "team": "not applicable",
            "visibility": "not applicable"
        },
        {
            "gameTime": "1 - 04:31",
            "label": "header (unchallenged)",
            "position": "271915",
            "team": "not applicable",
            "visibility": "not applicable"
        },
        {
            "gameTime": "1 - 04:56",
            "label": "header (challenged)",
            "position": "296739",
            "team": "not applicable",
            "visibility": "not applicable"
        },
        {
            "gameTime": "1 - 04:57",
            "label": "header (unchallenged)",
            "position": "297793",
            "team": "not applicable",
            "visibility": "not applicable"
        },
        {
            "gameTime": "1 - 05:17",
            "label": "possible head impact",
            "position": "317789",
            "team": "not applicable",
            "visibility": "not applicable"
        },
        {
            "gameTime": "1 - 05:35",
            "label": "possible head impact",
            "position": "335737",
            "team": "not applicable",
            "visibility": "not applicable"
        },
        {
            "gameTime": "1 - 06:00",
            "label": "header (unchallenged)",
            "position": "360431",
            "team": "not applicable",
            "visibility": "not applicable"
        },
        {
            "gameTime": "1 - 07:56",
            "label": "header (unchallenged)",
            "position": "476063",
            "team": "not applicable",
            "visibility": "not applicable"
        },
        {
            "gameTime": "1 - 08:32",
            "label": "possible head impact",
            "position": "512834",
            "team": "not applicable",
            "visibility": "not applicable"
        },
        {
            "gameTime": "1 - 08:58",
            "label": "header (unchallenged)",
            "position": "538465",
            "team": "not applicable",
            "visibility": "not applicable"
        },
        {
            "gameTime": "1 - 09:31",
            "label": "header (unchallenged)",
            "position": "571052",
            "team": "not applicable",
            "visibility": "not applicable"
        },
        {
            "gameTime": "1 - 10:13",
            "label": "possible head impact",
            "position": "613965",
            "team": "not applicable",
            "visibility": "not applicable"
        },
        {
            "gameTime": "1 - 10:28",
            "label": "possible head impact",
            "position": "628033",
            "team": "not applicable",
            "visibility": "not applicable"
        },
        {
            "gameTime": "1 - 10:56",
            "label": "header (challenged)",
            "position": "656295",
            "team": "not applicable",
            "visibility": "not applicable"
        },
        {
            "gameTime": "1 - 11:16",
            "label": "header (unchallenged)",
            "position": "676049",
            "team": "not applicable",
            "visibility": "not applicable"
        },
        {
            "gameTime": "1 - 11:50",
            "label": "header (challenged)",
            "position": "710913",
            "team": "home",
            "visibility": "not applicable"
        },
        {
            "gameTime": "1 - 12:41",
            "label": "header (challenged)",
            "position": "761164",
            "team": "not applicable",
            "visibility": "not applicable"
        },
        {
            "gameTime": "1 - 12:43",
            "label": "header (unchallenged)",
            "position": "763572",
            "team": "not applicable",
            "visibility": "not applicable"
        },
        {
            "gameTime": "1 - 12:46",
            "label": "header (unchallenged)",
            "position": "766862",
            "team": "not applicable",
            "visibility": "not applicable"
        },
        {
            "gameTime": "1 - 12:50",
            "label": "header (unchallenged)",
            "position": "770552",
            "team": "not applicable",
            "visibility": "not applicable"
        },
        {
            "gameTime": "1 - 12:51",
            "label": "header (unchallenged)",
            "position": "771907",
            "team": "not applicable",
            "visibility": "not applicable"
        },
        {
            "gameTime": "1 - 12:53",
            "label": "header (unchallenged)",
            "position": "773114",
            "team": "not applicable",
            "visibility": "not applicable"
        },
        {
            "gameTime": "1 - 14:56",
            "label": "header (unchallenged)",
            "position": "896891",
            "team": "not applicable",
            "visibility": "not shown"
        },
        {
            "gameTime": "1 - 15:24",
            "label": "header (unchallenged)",
            "position": "924006",
            "team": "not applicable",
            "visibility": "not applicable"
        },
        {
            "gameTime": "1 - 16:08",
            "label": "header (challenged)",
            "position": "968016",
            "team": "not applicable",
            "visibility": "not applicable"
        },
        {
            "gameTime": "1 - 17:50",
            "label": "header (challenged)",
            "position": "1070544",
            "team": "not applicable",
            "visibility": "not applicable"
        },
        {
            "gameTime": "1 - 17:51",
            "label": "header (challenged)",
            "position": "1071945",
            "team": "not applicable",
            "visibility": "not applicable"
        },
        {
            "gameTime": "1 - 18:01",
            "label": "header (challenged)",
            "position": "1081498",
            "team": "not applicable",
            "visibility": "not applicable"
        },
        {
            "gameTime": "1 - 18:05",
            "label": "header (unchallenged)",
            "position": "1085524",
            "team": "not applicable",
            "visibility": "not applicable"
        },
        {
            "gameTime": "1 - 18:20",
            "label": "header (unchallenged)",
            "position": "1100161",
            "team": "not applicable",
            "visibility": "not applicable"
        },
        {
            "gameTime": "1 - 20:46",
            "label": "header (unchallenged)",
            "position": "1246696",
            "team": "not applicable",
            "visibility": "not applicable"
        },
        {
            "gameTime": "1 - 20:47",
            "label": "header (unchallenged)",
            "position": "1247486",
            "team": "not applicable",
            "visibility": "not applicable"
        },
        {
            "gameTime": "1 - 20:58",
            "label": "header (unchallenged)",
            "position": "1258879",
            "team": "not applicable",
            "visibility": "not applicable"
        },
        {
            "gameTime": "1 - 20:59",
            "label": "header (unchallenged)",
            "position": "1259759",
            "team": "not applicable",
            "visibility": "not applicable"
        },
        {
            "gameTime": "1 - 21:07",
            "label": "header (unchallenged)",
            "position": "1267035",
            "team": "not applicable",
            "visibility": "not applicable"
        },
        {
            "gameTime": "1 - 21:08",
            "label": "header (unchallenged)",
            "position": "1268709",
            "team": "not applicable",
            "visibility": "not applicable"
        },
        {
            "gameTime": "1 - 21:27",
            "label": "header (unchallenged)",
            "position": "1287089",
            "team": "not applicable",
            "visibility": "not applicable"
        },
        {
            "gameTime": "1 - 21:40",
            "label": "header (challenged)",
            "position": "1300886",
            "team": "not applicable",
            "visibility": "not applicable"
        },
        {
            "gameTime": "1 - 21:53",
            "label": "header (challenged)",
            "position": "1313219",
            "team": "not applicable",
            "visibility": "not applicable"
        },
        {
            "gameTime": "1 - 22:35",
            "label": "header (unchallenged)",
            "position": "1355784",
            "team": "not applicable",
            "visibility": "not applicable"
        },
        {
            "gameTime": "1 - 23:48",
            "label": "header (unchallenged)",
            "position": "1428218",
            "team": "not applicable",
            "visibility": "not applicable"
        },
        {
            "gameTime": "1 - 23:50",
            "label": "header (unchallenged)",
            "position": "1430554",
            "team": "not applicable",
            "visibility": "not applicable"
        },
        {
            "gameTime": "1 - 23:58",
            "label": "header (challenged)",
            "position": "1438040",
            "team": "not applicable",
            "visibility": "not applicable"
        },
        {
            "gameTime": "1 - 24:36",
            "label": "header (challenged)",
            "position": "1476157",
            "team": "not applicable",
            "visibility": "not applicable"
        },
        {
            "gameTime": "1 - 24:38",
            "label": "header (challenged)",
            "position": "1478466",
            "team": "not applicable",
            "visibility": "not applicable"
        },
        {
            "gameTime": "1 - 24:56",
            "label": "header (unchallenged)",
            "position": "1496783",
            "team": "not applicable",
            "visibility": "not applicable"
        },
        {
            "gameTime": "1 - 25:23",
            "label": "header (challenged)",
            "position": "1523778",
            "team": "not applicable",
            "visibility": "not applicable"
        },
        {
            "gameTime": "1 - 26:40",
            "label": "header (challenged)",
            "position": "1600668",
            "team": "not applicable",
            "visibility": "not applicable"
        },
        {
            "gameTime": "1 - 26:46",
            "label": "header (challenged)",
            "position": "1606097",
            "team": "not applicable",
            "visibility": "not applicable"
        },
        {
            "gameTime": "1 - 26:48",
            "label": "header (unchallenged)",
            "position": "1608059",
            "team": "not applicable",
            "visibility": "not applicable"
        },
        {
            "gameTime": "1 - 27:15",
            "label": "header (unchallenged)",
            "position": "1635324",
            "team": "not applicable",
            "visibility": "not applicable"
        },
        {
            "gameTime": "1 - 27:33",
            "label": "header (challenged)",
            "position": "1653591",
            "team": "not applicable",
            "visibility": "not applicable"
        },
        {
            "gameTime": "1 - 29:06",
            "label": "header (challenged)",
            "position": "1746509",
            "team": "not applicable",
            "visibility": "not applicable"
        },
        {
            "gameTime": "1 - 29:22",
            "label": "header (challenged)",
            "position": "1762988",
            "team": "not applicable",
            "visibility": "not applicable"
        },
        {
            "gameTime": "1 - 29:32",
            "label": "header (challenged)",
            "position": "1772196",
            "team": "not applicable",
            "visibility": "not applicable"
        },
        {
            "gameTime": "1 - 30:01",
            "label": "possible head impact",
            "position": "1801731",
            "team": "not applicable",
            "visibility": "not applicable"
        },
        {
            "gameTime": "1 - 30:16",
            "label": "possible head impact",
            "position": "1816331",
            "team": "not applicable",
            "visibility": "not applicable"
        },
        {
            "gameTime": "1 - 30:26",
            "label": "header (challenged)",
            "position": "1826981",
            "team": "not applicable",
            "visibility": "not applicable"
        },
        {
            "gameTime": "1 - 30:35",
            "label": "header (challenged)",
            "position": "1835005",
            "team": "not applicable",
            "visibility": "not applicable"
        },
        {
            "gameTime": "1 - 31:19",
            "label": "header (unchallenged)",
            "position": "1879865",
            "team": "not applicable",
            "visibility": "not applicable"
        },
        {
            "gameTime": "1 - 31:24",
            "label": "header (unchallenged)",
            "position": "1884223",
            "team": "not applicable",
            "visibility": "not applicable"
        },
        {
            "gameTime": "1 - 32:24",
            "label": "header (unchallenged)",
            "position": "1944136",
            "team": "not applicable",
            "visibility": "not applicable"
        },
        {
            "gameTime": "1 - 33:13",
            "label": "header (unchallenged)",
            "position": "1993230",
            "team": "not applicable",
            "visibility": "not applicable"
        },
        {
            "gameTime": "1 - 33:19",
            "label": "header (challenged)",
            "position": "1999655",
            "team": "not applicable",
            "visibility": "not applicable"
        },
        {
            "gameTime": "1 - 33:32",
            "label": "header (challenged)",
            "position": "2012033",
            "team": "not applicable",
            "visibility": "not applicable"
        },
        {
            "gameTime": "1 - 34:09",
            "label": "header (challenged)",
            "position": "2049489",
            "team": "not applicable",
            "visibility": "not applicable"
        },
        {
            "gameTime": "1 - 35:11",
            "label": "header (unchallenged)",
            "position": "2111772",
            "team": "not applicable",
            "visibility": "not applicable"
        },
        {
            "gameTime": "1 - 35:14",
            "label": "header (unchallenged)",
            "position": "2114999",
            "team": "not applicable",
            "visibility": "not applicable"
        },
        {
            "gameTime": "1 - 35:22",
            "label": "header (unchallenged)",
            "position": "2122014",
            "team": "not applicable",
            "visibility": "not applicable"
        },
        {
            "gameTime": "1 - 36:28",
            "label": "header (challenged)",
            "position": "2188332",
            "team": "not applicable",
            "visibility": "not applicable"
        },
        {
            "gameTime": "1 - 37:27",
            "label": "header (unchallenged)",
            "position": "2247840",
            "team": "not applicable",
            "visibility": "not applicable"
        },
        {
            "gameTime": "1 - 37:38",
            "label": "header (unchallenged)",
            "position": "2258498",
            "team": "not applicable",
            "visibility": "not applicable"
        },
        {
            "gameTime": "1 - 38:07",
            "label": "header (challenged)",
            "position": "2287408",
            "team": "not applicable",
            "visibility": "not applicable"
        },
        {
            "gameTime": "1 - 38:09",
            "label": "header (challenged)",
            "position": "2289279",
            "team": "not applicable",
            "visibility": "not applicable"
        },
        {
            "gameTime": "1 - 38:10",
            "label": "header (unchallenged)",
            "position": "2290059",
            "team": "not applicable",
            "visibility": "not applicable"
        },
        {
            "gameTime": "1 - 38:11",
            "label": "header (challenged)",
            "position": "2291487",
            "team": "not applicable",
            "visibility": "not applicable"
        },
        {
            "gameTime": "1 - 38:17",
            "label": "header (unchallenged)",
            "position": "2297537",
            "team": "not applicable",
            "visibility": "not applicable"
        },
        {
            "gameTime": "1 - 39:09",
            "label": "header (unchallenged)",
            "position": "2349917",
            "team": "not applicable",
            "visibility": "not applicable"
        },
        {
            "gameTime": "1 - 39:17",
            "label": "header (challenged)",
            "position": "2357792",
            "team": "not applicable",
            "visibility": "not applicable"
        },
        {
            "gameTime": "1 - 41:18",
            "label": "header (challenged)",
            "position": "2478366",
            "team": "not applicable",
            "visibility": "not applicable"
        },
        {
            "gameTime": "1 - 41:20",
            "label": "header (challenged)",
            "position": "2480130",
            "team": "not applicable",
            "visibility": "not applicable"
        },
        {
            "gameTime": "1 - 42:05",
            "label": "header (challenged)",
            "position": "2525809",
            "team": "not applicable",
            "visibility": "not applicable"
        },
        {
            "gameTime": "1 - 42:32",
            "label": "header (challenged)",
            "position": "2552129",
            "team": "not applicable",
            "visibility": "not applicable"
        },
        {
            "gameTime": "1 - 43:18",
            "label": "header (challenged)",
            "position": "2598570",
            "team": "not applicable",
            "visibility": "not applicable"
        },
        {
            "gameTime": "1 - 43:20",
            "label": "header (challenged)",
            "position": "2600199",
            "team": "not applicable",
            "visibility": "not applicable"
        },
        {
            "gameTime": "1 - 44:56",
            "label": "header (challenged)",
            "position": "2696293",
            "team": "not applicable",
            "visibility": "not applicable"
        },
        {
            "gameTime": "1 - 46:04",
            "label": "header (unchallenged)",
            "position": "2764244",
            "team": "not applicable",
            "visibility": "not applicable"
        },
        {
            "gameTime": "2 - 00:06",
            "label": "header (unchallenged)",
            "position": "6521",
            "team": "not applicable",
            "visibility": "not applicable"
        },
        {
            "gameTime": "2 - 00:09",
            "label": "header (unchallenged)",
            "position": "9098",
            "team": "not applicable",
            "visibility": "not applicable"
        },
        {
            "gameTime": "2 - 00:39",
            "label": "header (challenged)",
            "position": "39068",
            "team": "not applicable",
            "visibility": "not applicable"
        },
        {
            "gameTime": "2 - 01:25",
            "label": "header (challenged)",
            "position": "85147",
            "team": "not applicable",
            "visibility": "not applicable"
        },
        {
            "gameTime": "2 - 01:26",
            "label": "header (unchallenged)",
            "position": "86070",
            "team": "not applicable",
            "visibility": "not applicable"
        },
        {
            "gameTime": "2 - 01:27",
            "label": "header (unchallenged)",
            "position": "87971",
            "team": "not applicable",
            "visibility": "not applicable"
        },
        {
            "gameTime": "2 - 01:37",
            "label": "header (challenged)",
            "position": "97453",
            "team": "not applicable",
            "visibility": "not applicable"
        },
        {
            "gameTime": "2 - 01:54",
            "label": "header (challenged)",
            "position": "114021",
            "team": "not applicable",
            "visibility": "not applicable"
        },
        {
            "gameTime": "2 - 02:10",
            "label": "header (challenged)",
            "position": "130842",
            "team": "not applicable",
            "visibility": "not applicable"
        },
        {
            "gameTime": "2 - 02:13",
            "label": "header (unchallenged)",
            "position": "133632",
            "team": "not applicable",
            "visibility": "not applicable"
        },
        {
            "gameTime": "2 - 03:37",
            "label": "header (unchallenged)",
            "position": "217221",
            "team": "not applicable",
            "visibility": "not applicable"
        },
        {
            "gameTime": "2 - 04:13",
            "label": "header (challenged)",
            "position": "253414",
            "team": "not applicable",
            "visibility": "not applicable"
        },
        {
            "gameTime": "2 - 05:36",
            "label": "header (unchallenged)",
            "position": "336738",
            "team": "not applicable",
            "visibility": "not applicable"
        },
        {
            "gameTime": "2 - 05:43",
            "label": "header (challenged)",
            "position": "343623",
            "team": "not applicable",
            "visibility": "not applicable"
        },
        {
            "gameTime": "2 - 05:57",
            "label": "header (challenged)",
            "position": "357052",
            "team": "not applicable",
            "visibility": "not applicable"
        },
        {
            "gameTime": "2 - 06:02",
            "label": "header (challenged)",
            "position": "362852",
            "team": "not applicable",
            "visibility": "not applicable"
        },
        {
            "gameTime": "2 - 06:19",
            "label": "header (challenged)",
            "position": "379892",
            "team": "not applicable",
            "visibility": "not applicable"
        },
        {
            "gameTime": "2 - 06:21",
            "label": "header (unchallenged)",
            "position": "381412",
            "team": "not applicable",
            "visibility": "not applicable"
        },
        {
            "gameTime": "2 - 07:06",
            "label": "header (unchallenged)",
            "position": "426541",
            "team": "not applicable",
            "visibility": "not applicable"
        },
        {
            "gameTime": "2 - 07:22",
            "label": "header (unchallenged)",
            "position": "442321",
            "team": "not applicable",
            "visibility": "not applicable"
        },
        {
            "gameTime": "2 - 07:46",
            "label": "header (challenged)",
            "position": "466172",
            "team": "not applicable",
            "visibility": "not applicable"
        },
        {
            "gameTime": "2 - 07:48",
            "label": "header (unchallenged)",
            "position": "468266",
            "team": "not applicable",
            "visibility": "not applicable"
        },
        {
            "gameTime": "2 - 07:50",
            "label": "header (challenged)",
            "position": "470197",
            "team": "not applicable",
            "visibility": "not applicable"
        },
        {
            "gameTime": "2 - 09:31",
            "label": "header (challenged)",
            "position": "571811",
            "team": "not applicable",
            "visibility": "not applicable"
        },
        {
            "gameTime": "2 - 10:12",
            "label": "header (challenged)",
            "position": "612296",
            "team": "not applicable",
            "visibility": "not applicable"
        },
        {
            "gameTime": "2 - 10:54",
            "label": "header (challenged)",
            "position": "654426",
            "team": "not applicable",
            "visibility": "not applicable"
        },
        {
            "gameTime": "2 - 10:56",
            "label": "header (unchallenged)",
            "position": "656626",
            "team": "not applicable",
            "visibility": "not applicable"
        },
        {
            "gameTime": "2 - 10:58",
            "label": "header (challenged)",
            "position": "658969",
            "team": "not applicable",
            "visibility": "not applicable"
        },
        {
            "gameTime": "2 - 12:04",
            "label": "header (challenged)",
            "position": "724482",
            "team": "not applicable",
            "visibility": "not applicable"
        },
        {
            "gameTime": "2 - 12:05",
            "label": "header (unchallenged)",
            "position": "725545",
            "team": "not applicable",
            "visibility": "not applicable"
        },
        {
            "gameTime": "2 - 12:44",
            "label": "header (unchallenged)",
            "position": "764864",
            "team": "not applicable",
            "visibility": "not applicable"
        },
        {
            "gameTime": "2 - 13:12",
            "label": "header (challenged)",
            "position": "792231",
            "team": "not applicable",
            "visibility": "not applicable"
        },
        {
            "gameTime": "2 - 13:48",
            "label": "header (unchallenged)",
            "position": "828490",
            "team": "not applicable",
            "visibility": "not applicable"
        },
        {
            "gameTime": "2 - 13:49",
            "label": "header (unchallenged)",
            "position": "829850",
            "team": "not applicable",
            "visibility": "not applicable"
        },
        {
            "gameTime": "2 - 13:51",
            "label": "header (challenged)",
            "position": "831902",
            "team": "not applicable",
            "visibility": "not applicable"
        },
        {
            "gameTime": "2 - 14:09",
            "label": "header (unchallenged)",
            "position": "849274",
            "team": "not applicable",
            "visibility": "not applicable"
        },
        {
            "gameTime": "2 - 14:29",
            "label": "header (unchallenged)",
            "position": "869888",
            "team": "not applicable",
            "visibility": "not applicable"
        },
        {
            "gameTime": "2 - 14:58",
            "label": "header (unchallenged)",
            "position": "898852",
            "team": "not applicable",
            "visibility": "not applicable"
        },
        {
            "gameTime": "2 - 15:13",
            "label": "header (unchallenged)",
            "position": "913602",
            "team": "not applicable",
            "visibility": "not applicable"
        },
        {
            "gameTime": "2 - 15:18",
            "label": "header (unchallenged)",
            "position": "918297",
            "team": "not applicable",
            "visibility": "not applicable"
        },
        {
            "gameTime": "2 - 15:31",
            "label": "header (challenged)",
            "position": "931209",
            "team": "not applicable",
            "visibility": "not applicable"
        },
        {
            "gameTime": "2 - 15:40",
            "label": "header (unchallenged)",
            "position": "940936",
            "team": "not applicable",
            "visibility": "not applicable"
        },
        {
            "gameTime": "2 - 16:03",
            "label": "header (challenged)",
            "position": "963167",
            "team": "not applicable",
            "visibility": "not applicable"
        },
        {
            "gameTime": "2 - 16:17",
            "label": "header (challenged)",
            "position": "977081",
            "team": "not applicable",
            "visibility": "not applicable"
        },
        {
            "gameTime": "2 - 16:18",
            "label": "header (unchallenged)",
            "position": "978271",
            "team": "not applicable",
            "visibility": "not applicable"
        },
        {
            "gameTime": "2 - 16:37",
            "label": "header (challenged)",
            "position": "997101",
            "team": "not applicable",
            "visibility": "not applicable"
        },
        {
            "gameTime": "2 - 16:45",
            "label": "header (unchallenged)",
            "position": "1005868",
            "team": "not applicable",
            "visibility": "not applicable"
        },
        {
            "gameTime": "2 - 16:52",
            "label": "header (unchallenged)",
            "position": "1012582",
            "team": "not applicable",
            "visibility": "not applicable"
        },
        {
            "gameTime": "2 - 17:42",
            "label": "header (unchallenged)",
            "position": "1062648",
            "team": "not applicable",
            "visibility": "not applicable"
        },
        {
            "gameTime": "2 - 17:45",
            "label": "header (challenged)",
            "position": "1065874",
            "team": "not applicable",
            "visibility": "not applicable"
        },
        {
            "gameTime": "2 - 18:43",
            "label": "header (challenged)",
            "position": "1123870",
            "team": "not applicable",
            "visibility": "not applicable"
        },
        {
            "gameTime": "2 - 18:49",
            "label": "header (challenged)",
            "position": "1129444",
            "team": "not applicable",
            "visibility": "not applicable"
        },
        {
            "gameTime": "2 - 19:29",
            "label": "header (challenged)",
            "position": "1169519",
            "team": "not applicable",
            "visibility": "not applicable"
        },
        {
            "gameTime": "2 - 20:27",
            "label": "header (challenged)",
            "position": "1227730",
            "team": "not applicable",
            "visibility": "not applicable"
        },
        {
            "gameTime": "2 - 20:29",
            "label": "header (challenged)",
            "position": "1229006",
            "team": "not applicable",
            "visibility": "not applicable"
        },
        {
            "gameTime": "2 - 20:47",
            "label": "header (challenged)",
            "position": "1247497",
            "team": "not applicable",
            "visibility": "not applicable"
        },
        {
            "gameTime": "2 - 20:55",
            "label": "header (challenged)",
            "position": "1255994",
            "team": "not applicable",
            "visibility": "not applicable"
        },
        {
            "gameTime": "2 - 21:56",
            "label": "header (challenged)",
            "position": "1316379",
            "team": "not applicable",
            "visibility": "not applicable"
        },
        {
            "gameTime": "2 - 22:48",
            "label": "header (challenged)",
            "position": "1368940",
            "team": "not applicable",
            "visibility": "not applicable"
        },
        {
            "gameTime": "2 - 22:50",
            "label": "header (unchallenged)",
            "position": "1370662",
            "team": "not applicable",
            "visibility": "not applicable"
        },
        {
            "gameTime": "2 - 22:54",
            "label": "header (challenged)",
            "position": "1374519",
            "team": "not applicable",
            "visibility": "not applicable"
        },
        {
            "gameTime": "2 - 24:05",
            "label": "header (challenged)",
            "position": "1445914",
            "team": "not applicable",
            "visibility": "not applicable"
        },
        {
            "gameTime": "2 - 24:25",
            "label": "header (challenged)",
            "position": "1465371",
            "team": "not applicable",
            "visibility": "not applicable"
        },
        {
            "gameTime": "2 - 24:30",
            "label": "header (challenged)",
            "position": "1470649",
            "team": "not applicable",
            "visibility": "not applicable"
        },
        {
            "gameTime": "2 - 24:36",
            "label": "header (challenged)",
            "position": "1476151",
            "team": "not applicable",
            "visibility": "not applicable"
        },
        {
            "gameTime": "2 - 26:54",
            "label": "header (challenged)",
            "position": "1614504",
            "team": "not applicable",
            "visibility": "not applicable"
        },
        {
            "gameTime": "2 - 27:24",
            "label": "header (challenged)",
            "position": "1644237",
            "team": "not applicable",
            "visibility": "not applicable"
        },
        {
            "gameTime": "2 - 27:44",
            "label": "header (unchallenged)",
            "position": "1664218",
            "team": "not applicable",
            "visibility": "not applicable"
        },
        {
            "gameTime": "2 - 31:18",
            "label": "header (challenged)",
            "position": "1878462",
            "team": "not applicable",
            "visibility": "not applicable"
        },
        {
            "gameTime": "2 - 31:19",
            "label": "header (unchallenged)",
            "position": "1879759",
            "team": "not applicable",
            "visibility": "not applicable"
        },
        {
            "gameTime": "2 - 31:22",
            "label": "header (unchallenged)",
            "position": "1882915",
            "team": "not applicable",
            "visibility": "not applicable"
        },
        {
            "gameTime": "2 - 31:28",
            "label": "header (unchallenged)",
            "position": "1888380",
            "team": "not applicable",
            "visibility": "not applicable"
        },
        {
            "gameTime": "2 - 31:36",
            "label": "header (challenged)",
            "position": "1896029",
            "team": "not applicable",
            "visibility": "not applicable"
        },
        {
            "gameTime": "2 - 32:32",
            "label": "header (challenged)",
            "position": "1952401",
            "team": "not applicable",
            "visibility": "not applicable"
        },
        {
            "gameTime": "2 - 34:27",
            "label": "header (challenged)",
            "position": "2067268",
            "team": "not applicable",
            "visibility": "not applicable"
        },
        {
            "gameTime": "2 - 34:37",
            "label": "header (challenged)",
            "position": "2077937",
            "team": "not applicable",
            "visibility": "not applicable"
        },
        {
            "gameTime": "2 - 34:40",
            "label": "header (unchallenged)",
            "position": "2080043",
            "team": "not applicable",
            "visibility": "not applicable"
        },
        {
            "gameTime": "2 - 34:42",
            "label": "header (challenged)",
            "position": "2082817",
            "team": "not applicable",
            "visibility": "not applicable"
        },
        {
            "gameTime": "2 - 34:53",
            "label": "header (challenged)",
            "position": "2093025",
            "team": "not applicable",
            "visibility": "not applicable"
        },
        {
            "gameTime": "2 - 34:55",
            "label": "header (unchallenged)",
            "position": "2095242",
            "team": "not applicable",
            "visibility": "not applicable"
        },
        {
            "gameTime": "2 - 34:57",
            "label": "header (challenged)",
            "position": "2097976",
            "team": "not applicable",
            "visibility": "not applicable"
        },
        {
            "gameTime": "2 - 35:12",
            "label": "header (challenged)",
            "position": "2112038",
            "team": "not applicable",
            "visibility": "not applicable"
        },
        {
            "gameTime": "2 - 35:13",
            "label": "header (unchallenged)",
            "position": "2113345",
            "team": "not applicable",
            "visibility": "not applicable"
        },
        {
            "gameTime": "2 - 35:14",
            "label": "header (challenged)",
            "position": "2114583",
            "team": "not applicable",
            "visibility": "not applicable"
        },
        {
            "gameTime": "2 - 36:21",
            "label": "header (challenged)",
            "position": "2181934",
            "team": "not applicable",
            "visibility": "not applicable"
        },
        {
            "gameTime": "2 - 36:57",
            "label": "header (challenged)",
            "position": "2217288",
            "team": "not applicable",
            "visibility": "not applicable"
        },
        {
            "gameTime": "2 - 36:58",
            "label": "header (unchallenged)",
            "position": "2218860",
            "team": "not applicable",
            "visibility": "not applicable"
        },
        {
            "gameTime": "2 - 37:14",
            "label": "header (challenged)",
            "position": "2234309",
            "team": "not applicable",
            "visibility": "not applicable"
        },
        {
            "gameTime": "2 - 37:15",
            "label": "header (unchallenged)",
            "position": "2235699",
            "team": "not applicable",
            "visibility": "not applicable"
        },
        {
            "gameTime": "2 - 37:17",
            "label": "header (unchallenged)",
            "position": "2237299",
            "team": "not applicable",
            "visibility": "not applicable"
        },
        {
            "gameTime": "2 - 38:07",
            "label": "header (unchallenged)",
            "position": "2287227",
            "team": "not applicable",
            "visibility": "not applicable"
        },
        {
            "gameTime": "2 - 38:29",
            "label": "header (challenged)",
            "position": "2309969",
            "team": "not applicable",
            "visibility": "not applicable"
        },
        {
            "gameTime": "2 - 40:55",
            "label": "header (challenged)",
            "position": "2455646",
            "team": "not applicable",
            "visibility": "not applicable"
        },
        {
            "gameTime": "2 - 41:05",
            "label": "header (challenged)",
            "position": "2465572",
            "team": "not applicable",
            "visibility": "not applicable"
        },
        {
            "gameTime": "2 - 41:37",
            "label": "header (challenged)",
            "position": "2497411",
            "team": "not applicable",
            "visibility": "not applicable"
        },
        {
            "gameTime": "2 - 41:49",
            "label": "header (challenged)",
            "position": "2509837",
            "team": "not applicable",
            "visibility": "not applicable"
        },
        {
            "gameTime": "2 - 41:55",
            "label": "header (challenged)",
            "position": "2515552",
            "team": "not applicable",
            "visibility": "not applicable"
        },
        {
            "gameTime": "2 - 42:48",
            "label": "header (challenged)",
            "position": "2568588",
            "team": "not applicable",
            "visibility": "not applicable"
        },
        {
            "gameTime": "2 - 42:51",
            "label": "header (challenged)",
            "position": "2571565",
            "team": "not applicable",
            "visibility": "not applicable"
        },
        {
            "gameTime": "2 - 43:47",
            "label": "header (unchallenged)",
            "position": "2627657",
            "team": "not applicable",
            "visibility": "not applicable"
        },
        {
            "gameTime": "2 - 43:58",
            "label": "header (challenged)",
            "position": "2638690",
            "team": "not applicable",
            "visibility": "not applicable"
        },
        {
            "gameTime": "2 - 44:34",
            "label": "header (challenged)",
            "position": "2674439",
            "team": "not applicable",
            "visibility": "not applicable"
        },
        {
            "gameTime": "2 - 45:04",
            "label": "header (challenged)",
            "position": "2704263",
            "team": "not applicable",
            "visibility": "not applicable"
        },
        {
            "gameTime": "2 - 45:08",
            "label": "header (challenged)",
            "position": "2708818",
            "team": "not applicable",
            "visibility": "not applicable"
        },
        {
            "gameTime": "2 - 46:02",
            "label": "header (challenged)",
            "position": "2762885",
            "team": "not applicable",
            "visibility": "not applicable"
        },
        {
            "gameTime": "2 - 46:29",
            "label": "header (challenged)",
            "position": "2789643",
            "team": "not applicable",
            "visibility": "not applicable"
        },
        {
            "gameTime": "2 - 47:43",
            "label": "header (unchallenged)",
            "position": "2863525",
            "team": "not applicable",
            "visibility": "not applicable"
        },
        {
            "gameTime": "2 - 47:54",
            "label": "header (challenged)",
            "position": "2874604",
            "team": "not applicable",
            "visibility": "not applicable"
        },
        {
            "gameTime": "2 - 48:03",
            "label": "header (unchallenged)",
            "position": "2883098",
            "team": "not applicable",
            "visibility": "not applicable"
        },
        {
            "gameTime": "2 - 48:29",
            "label": "header (challenged)",
            "position": "2909880",
            "team": "not applicable",
            "visibility": "not applicable"
        },
        {
            "gameTime": "2 - 48:31",
            "label": "header (challenged)",
            "position": "2911160",
            "team": "not applicable",
            "visibility": "not applicable"
        },
        {
            "gameTime": "2 - 48:54",
            "label": "header (challenged)",
            "position": "2934990",
            "team": "not applicable",
            "visibility": "not applicable"
        },
        {
            "gameTime": "2 - 48:56",
            "label": "header (challenged)",
            "position": "2936270",
            "team": "not applicable",
            "visibility": "not applicable"
        },
        {
            "gameTime": "2 - 49:02",
            "label": "header (challenged)",
            "position": "2942012",
            "team": "not applicable",
            "visibility": "not applicable"
        },
        {
            "gameTime": "2 - 49:12",
            "label": "header (challenged)",
            "position": "2952799",
            "team": "not applicable",
            "visibility": "not applicable"
        },
        {
            "gameTime": "2 - 49:14",
            "label": "header (challenged)",
            "position": "2954399",
            "team": "not applicable",
            "visibility": "not applicable"
        }
    ],
    "gameAwayTeam": "Arsenal",
    "gameDate": "21/02/2015 - 18:00",
    "gameHomeTeam": "Crystal Palace",
    "gameScore": "1 - 2"
}