{
    "UrlLocal": "england_epl/2014-2015/2015-02-21 - 18-00 Swansea 2 - 1 Manchester United/",
    "UrlYoutube": "",
    "annotations": [
        {
            "gameTime": "1 - 01:42",
            "label": "header (challenged)",
            "position": "102197",
            "team": "not applicable",
            "visibility": "not applicable"
        },
        {
            "gameTime": "1 - 04:15",
            "label": "header (unchallenged)",
            "position": "255667",
            "team": "not applicable",
            "visibility": "not applicable"
        },
        {
            "gameTime": "1 - 04:32",
            "label": "header (challenged)",
            "position": "272042",
            "team": "not applicable",
            "visibility": "not applicable"
        },
        {
            "gameTime": "1 - 05:12",
            "label": "header (unchallenged)",
            "position": "312281",
            "team": "not applicable",
            "visibility": "not applicable"
        },
        {
            "gameTime": "1 - 05:17",
            "label": "header (unchallenged)",
            "position": "317309",
            "team": "not applicable",
            "visibility": "not applicable"
        },
        {
            "gameTime": "1 - 06:27",
            "label": "header (challenged)",
            "position": "387117",
            "team": "not applicable",
            "visibility": "not applicable"
        },
        {
            "gameTime": "1 - 07:19",
            "label": "header (unchallenged)",
            "position": "439399",
            "team": "not applicable",
            "visibility": "not applicable"
        },
        {
            "gameTime": "1 - 07:22",
            "label": "header (unchallenged)",
            "position": "442387",
            "team": "not applicable",
            "visibility": "not applicable"
        },
        {
            "gameTime": "1 - 07:52",
            "label": "header (unchallenged)",
            "position": "472570",
            "team": "not applicable",
            "visibility": "not applicable"
        },
        {
            "gameTime": "1 - 10:12",
            "label": "header (challenged)",
            "position": "612285",
            "team": "not applicable",
            "visibility": "not applicable"
        },
        {
            "gameTime": "1 - 10:13",
            "label": "header (unchallenged)",
            "position": "613161",
            "team": "not applicable",
            "visibility": "not applicable"
        },
        {
            "gameTime": "1 - 10:21",
            "label": "header (challenged)",
            "position": "621244",
            "team": "not applicable",
            "visibility": "not applicable"
        },
        {
            "gameTime": "1 - 10:22",
            "label": "header (unchallenged)",
            "position": "622164",
            "team": "not applicable",
            "visibility": "not applicable"
        },
        {
            "gameTime": "1 - 10:25",
            "label": "header (challenged)",
            "position": "625874",
            "team": "not applicable",
            "visibility": "not applicable"
        },
        {
            "gameTime": "1 - 10:27",
            "label": "header (unchallenged)",
            "position": "627074",
            "team": "not applicable",
            "visibility": "not applicable"
        },
        {
            "gameTime": "1 - 10:29",
            "label": "header (challenged)",
            "position": "629293",
            "team": "not applicable",
            "visibility": "not applicable"
        },
        {
            "gameTime": "1 - 10:31",
            "label": "header (unchallenged)",
            "position": "631773",
            "team": "not applicable",
            "visibility": "not applicable"
        },
        {
            "gameTime": "1 - 10:35",
            "label": "header (unchallenged)",
            "position": "635617",
            "team": "not applicable",
            "visibility": "not applicable"
        },
        {
            "gameTime": "1 - 10:48",
            "label": "header (challenged)",
            "position": "648460",
            "team": "not applicable",
            "visibility": "not applicable"
        },
        {
            "gameTime": "1 - 12:54",
            "label": "header (unchallenged)",
            "position": "774049",
            "team": "not applicable",
            "visibility": "not applicable"
        },
        {
            "gameTime": "1 - 13:14",
            "label": "header (unchallenged)",
            "position": "794482",
            "team": "not applicable",
            "visibility": "not applicable"
        },
        {
            "gameTime": "1 - 14:56",
            "label": "header (challenged)",
            "position": "896175",
            "team": "not applicable",
            "visibility": "not applicable"
        },
        {
            "gameTime": "1 - 15:09",
            "label": "header (challenged)",
            "position": "909024",
            "team": "not applicable",
            "visibility": "not applicable"
        },
        {
            "gameTime": "1 - 15:16",
            "label": "header (challenged)",
            "position": "916647",
            "team": "not applicable",
            "visibility": "not applicable"
        },
        {
            "gameTime": "1 - 16:01",
            "label": "header (challenged)",
            "position": "961340",
            "team": "not applicable",
            "visibility": "not applicable"
        },
        {
            "gameTime": "1 - 17:23",
            "label": "header (challenged)",
            "position": "1043596",
            "team": "not applicable",
            "visibility": "not applicable"
        },
        {
            "gameTime": "1 - 21:06",
            "label": "header (challenged)",
            "position": "1266112",
            "team": "not applicable",
            "visibility": "not applicable"
        },
        {
            "gameTime": "1 - 21:23",
            "label": "header (challenged)",
            "position": "1283225",
            "team": "not applicable",
            "visibility": "not applicable"
        },
        {
            "gameTime": "1 - 23:14",
            "label": "header (unchallenged)",
            "position": "1394790",
            "team": "not applicable",
            "visibility": "not applicable"
        },
        {
            "gameTime": "1 - 24:05",
            "label": "header (unchallenged)",
            "position": "1445094",
            "team": "not applicable",
            "visibility": "not applicable"
        },
        {
            "gameTime": "1 - 25:32",
            "label": "header (challenged)",
            "position": "1532731",
            "team": "not applicable",
            "visibility": "not applicable"
        },
        {
            "gameTime": "1 - 25:45",
            "label": "header (challenged)",
            "position": "1545950",
            "team": "not applicable",
            "visibility": "not applicable"
        },
        {
            "gameTime": "1 - 26:03",
            "label": "header (challenged)",
            "position": "1563109",
            "team": "not applicable",
            "visibility": "not applicable"
        },
        {
            "gameTime": "1 - 26:58",
            "label": "header (challenged)",
            "position": "1618928",
            "team": "not applicable",
            "visibility": "not applicable"
        },
        {
            "gameTime": "1 - 27:15",
            "label": "header (challenged)",
            "position": "1635761",
            "team": "not applicable",
            "visibility": "not applicable"
        },
        {
            "gameTime": "1 - 30:48",
            "label": "header (challenged)",
            "position": "1848227",
            "team": "not applicable",
            "visibility": "not applicable"
        },
        {
            "gameTime": "1 - 31:27",
            "label": "header (challenged)",
            "position": "1887951",
            "team": "not applicable",
            "visibility": "not applicable"
        },
        {
            "gameTime": "1 - 31:47",
            "label": "header (challenged)",
            "position": "1907119",
            "team": "not applicable",
            "visibility": "not applicable"
        },
        {
            "gameTime": "1 - 32:05",
            "label": "header (challenged)",
            "position": "1925062",
            "team": "not applicable",
            "visibility": "not applicable"
        },
        {
            "gameTime": "1 - 32:39",
            "label": "header (unchallenged)",
            "position": "1959123",
            "team": "not applicable",
            "visibility": "not applicable"
        },
        {
            "gameTime": "1 - 37:16",
            "label": "header (challenged)",
            "position": "2236421",
            "team": "not applicable",
            "visibility": "not applicable"
        },
        {
            "gameTime": "1 - 37:17",
            "label": "header (unchallenged)",
            "position": "2237126",
            "team": "not applicable",
            "visibility": "not applicable"
        },
        {
            "gameTime": "1 - 37:19",
            "label": "header (unchallenged)",
            "position": "2239018",
            "team": "not applicable",
            "visibility": "not applicable"
        },
        {
            "gameTime": "1 - 37:21",
            "label": "header (unchallenged)",
            "position": "2241529",
            "team": "not applicable",
            "visibility": "not applicable"
        },
        {
            "gameTime": "1 - 37:27",
            "label": "header (challenged)",
            "position": "2247958",
            "team": "not applicable",
            "visibility": "not applicable"
        },
        {
            "gameTime": "1 - 37:30",
            "label": "header (unchallenged)",
            "position": "2250842",
            "team": "not applicable",
            "visibility": "not applicable"
        },
        {
            "gameTime": "1 - 37:43",
            "label": "header (challenged)",
            "position": "2263370",
            "team": "not applicable",
            "visibility": "not applicable"
        },
        {
            "gameTime": "1 - 37:51",
            "label": "header (unchallenged)",
            "position": "2271416",
            "team": "not applicable",
            "visibility": "not applicable"
        },
        {
            "gameTime": "1 - 38:12",
            "label": "header (unchallenged)",
            "position": "2292755",
            "team": "not applicable",
            "visibility": "not applicable"
        },
        {
            "gameTime": "1 - 38:47",
            "label": "header (challenged)",
            "position": "2327203",
            "team": "not applicable",
            "visibility": "not applicable"
        },
        {
            "gameTime": "1 - 39:35",
            "label": "header (challenged)",
            "position": "2375937",
            "team": "not applicable",
            "visibility": "not applicable"
        },
        {
            "gameTime": "1 - 41:05",
            "label": "header (challenged)",
            "position": "2465317",
            "team": "not applicable",
            "visibility": "not applicable"
        },
        {
            "gameTime": "1 - 41:46",
            "label": "header (unchallenged)",
            "position": "2506322",
            "team": "not applicable",
            "visibility": "not applicable"
        },
        {
            "gameTime": "1 - 42:24",
            "label": "header (unchallenged)",
            "position": "2544128",
            "team": "not applicable",
            "visibility": "not applicable"
        },
        {
            "gameTime": "2 - 00:41",
            "label": "header (unchallenged)",
            "position": "41175",
            "team": "not applicable",
            "visibility": "not applicable"
        },
        {
            "gameTime": "2 - 00:43",
            "label": "header (unchallenged)",
            "position": "43724",
            "team": "not applicable",
            "visibility": "not applicable"
        },
        {
            "gameTime": "2 - 00:46",
            "label": "header (unchallenged)",
            "position": "46054",
            "team": "not applicable",
            "visibility": "not applicable"
        },
        {
            "gameTime": "2 - 02:00",
            "label": "header (challenged)",
            "position": "120552",
            "team": "not applicable",
            "visibility": "not applicable"
        },
        {
            "gameTime": "2 - 03:59",
            "label": "header (challenged)",
            "position": "239229",
            "team": "not applicable",
            "visibility": "not applicable"
        },
        {
            "gameTime": "2 - 04:01",
            "label": "header (challenged)",
            "position": "241408",
            "team": "not applicable",
            "visibility": "not applicable"
        },
        {
            "gameTime": "2 - 04:02",
            "label": "header (unchallenged)",
            "position": "242549",
            "team": "not applicable",
            "visibility": "not applicable"
        },
        {
            "gameTime": "2 - 05:24",
            "label": "header (challenged)",
            "position": "324865",
            "team": "not applicable",
            "visibility": "not applicable"
        },
        {
            "gameTime": "2 - 08:53",
            "label": "header (unchallenged)",
            "position": "533335",
            "team": "not applicable",
            "visibility": "not applicable"
        },
        {
            "gameTime": "2 - 09:25",
            "label": "header (challenged)",
            "position": "565998",
            "team": "not applicable",
            "visibility": "not applicable"
        },
        {
            "gameTime": "2 - 09:27",
            "label": "header (challenged)",
            "position": "567849",
            "team": "not applicable",
            "visibility": "not applicable"
        },
        {
            "gameTime": "2 - 10:21",
            "label": "header (challenged)",
            "position": "621342",
            "team": "not applicable",
            "visibility": "not applicable"
        },
        {
            "gameTime": "2 - 10:41",
            "label": "header (unchallenged)",
            "position": "641100",
            "team": "not applicable",
            "visibility": "not applicable"
        },
        {
            "gameTime": "2 - 10:58",
            "label": "header (challenged)",
            "position": "658183",
            "team": "not applicable",
            "visibility": "not applicable"
        },
        {
            "gameTime": "2 - 10:59",
            "label": "header (unchallenged)",
            "position": "659495",
            "team": "not applicable",
            "visibility": "not applicable"
        },
        {
            "gameTime": "2 - 11:01",
            "label": "header (challenged)",
            "position": "661553",
            "team": "not applicable",
            "visibility": "not applicable"
        },
        {
            "gameTime": "2 - 12:05",
            "label": "header (challenged)",
            "position": "725519",
            "team": "not applicable",
            "visibility": "not applicable"
        },
        {
            "gameTime": "2 - 12:11",
            "label": "header (unchallenged)",
            "position": "731110",
            "team": "not applicable",
            "visibility": "not applicable"
        },
        {
            "gameTime": "2 - 12:14",
            "label": "header (challenged)",
            "position": "734071",
            "team": "not applicable",
            "visibility": "not applicable"
        },
        {
            "gameTime": "2 - 13:18",
            "label": "header (challenged)",
            "position": "798573",
            "team": "not applicable",
            "visibility": "not applicable"
        },
        {
            "gameTime": "2 - 13:23",
            "label": "header (unchallenged)",
            "position": "803624",
            "team": "not applicable",
            "visibility": "not applicable"
        },
        {
            "gameTime": "2 - 14:51",
            "label": "header (unchallenged)",
            "position": "891760",
            "team": "not applicable",
            "visibility": "not applicable"
        },
        {
            "gameTime": "2 - 15:57",
            "label": "header (challenged)",
            "position": "957688",
            "team": "not applicable",
            "visibility": "not applicable"
        },
        {
            "gameTime": "2 - 16:52",
            "label": "header (unchallenged)",
            "position": "1012531",
            "team": "not applicable",
            "visibility": "not applicable"
        },
        {
            "gameTime": "2 - 16:54",
            "label": "header (unchallenged)",
            "position": "1014182",
            "team": "not applicable",
            "visibility": "not applicable"
        },
        {
            "gameTime": "2 - 17:15",
            "label": "header (unchallenged)",
            "position": "1035758",
            "team": "not applicable",
            "visibility": "not applicable"
        },
        {
            "gameTime": "2 - 17:54",
            "label": "header (unchallenged)",
            "position": "1074608",
            "team": "not applicable",
            "visibility": "not applicable"
        },
        {
            "gameTime": "2 - 17:59",
            "label": "header (challenged)",
            "position": "1079162",
            "team": "not applicable",
            "visibility": "not applicable"
        },
        {
            "gameTime": "2 - 18:14",
            "label": "header (challenged)",
            "position": "1094924",
            "team": "not applicable",
            "visibility": "not applicable"
        },
        {
            "gameTime": "2 - 18:39",
            "label": "header (challenged)",
            "position": "1119242",
            "team": "not applicable",
            "visibility": "not applicable"
        },
        {
            "gameTime": "2 - 18:45",
            "label": "header (unchallenged)",
            "position": "1125349",
            "team": "not applicable",
            "visibility": "not applicable"
        },
        {
            "gameTime": "2 - 19:23",
            "label": "header (challenged)",
            "position": "1163814",
            "team": "not applicable",
            "visibility": "not applicable"
        },
        {
            "gameTime": "2 - 19:50",
            "label": "header (unchallenged)",
            "position": "1190475",
            "team": "not applicable",
            "visibility": "not applicable"
        },
        {
            "gameTime": "2 - 20:01",
            "label": "header (unchallenged)",
            "position": "1201803",
            "team": "not applicable",
            "visibility": "not applicable"
        },
        {
            "gameTime": "2 - 20:06",
            "label": "header (unchallenged)",
            "position": "1206407",
            "team": "not applicable",
            "visibility": "not applicable"
        },
        {
            "gameTime": "2 - 20:24",
            "label": "header (challenged)",
            "position": "1224064",
            "team": "not applicable",
            "visibility": "not applicable"
        },
        {
            "gameTime": "2 - 21:19",
            "label": "header (challenged)",
            "position": "1279636",
            "team": "not applicable",
            "visibility": "not applicable"
        },
        {
            "gameTime": "2 - 22:31",
            "label": "header (challenged)",
            "position": "1351054",
            "team": "not applicable",
            "visibility": "not applicable"
        },
        {
            "gameTime": "2 - 22:35",
            "label": "header (challenged)",
            "position": "1355472",
            "team": "not applicable",
            "visibility": "not applicable"
        },
        {
            "gameTime": "2 - 22:46",
            "label": "header (challenged)",
            "position": "1366965",
            "team": "not applicable",
            "visibility": "not applicable"
        },
        {
            "gameTime": "2 - 22:49",
            "label": "header (challenged)",
            "position": "1369072",
            "team": "not applicable",
            "visibility": "not applicable"
        },
        {
            "gameTime": "2 - 22:50",
            "label": "header (unchallenged)",
            "position": "1370187",
            "team": "not applicable",
            "visibility": "not applicable"
        },
        {
            "gameTime": "2 - 22:50",
            "label": "header (unchallenged)",
            "position": "1370898",
            "team": "not applicable",
            "visibility": "not applicable"
        },
        {
            "gameTime": "2 - 23:25",
            "label": "header (challenged)",
            "position": "1405451",
            "team": "not applicable",
            "visibility": "not applicable"
        },
        {
            "gameTime": "2 - 23:40",
            "label": "header (challenged)",
            "position": "1420435",
            "team": "not applicable",
            "visibility": "not applicable"
        },
        {
            "gameTime": "2 - 23:54",
            "label": "header (challenged)",
            "position": "1434876",
            "team": "not applicable",
            "visibility": "not applicable"
        },
        {
            "gameTime": "2 - 25:17",
            "label": "header (unchallenged)",
            "position": "1517995",
            "team": "not applicable",
            "visibility": "not applicable"
        },
        {
            "gameTime": "2 - 25:22",
            "label": "header (challenged)",
            "position": "1522376",
            "team": "not applicable",
            "visibility": "not applicable"
        },
        {
            "gameTime": "2 - 25:34",
            "label": "header (challenged)",
            "position": "1534381",
            "team": "not applicable",
            "visibility": "not applicable"
        },
        {
            "gameTime": "2 - 25:46",
            "label": "header (challenged)",
            "position": "1546101",
            "team": "not applicable",
            "visibility": "not applicable"
        },
        {
            "gameTime": "2 - 25:47",
            "label": "header (unchallenged)",
            "position": "1547416",
            "team": "not applicable",
            "visibility": "not applicable"
        },
        {
            "gameTime": "2 - 25:52",
            "label": "header (unchallenged)",
            "position": "1552424",
            "team": "not applicable",
            "visibility": "not applicable"
        },
        {
            "gameTime": "2 - 27:07",
            "label": "header (unchallenged)",
            "position": "1627189",
            "team": "not applicable",
            "visibility": "not applicable"
        },
        {
            "gameTime": "2 - 27:37",
            "label": "header (unchallenged)",
            "position": "1657409",
            "team": "not applicable",
            "visibility": "not applicable"
        },
        {
            "gameTime": "2 - 27:42",
            "label": "header (unchallenged)",
            "position": "1662763",
            "team": "not applicable",
            "visibility": "not applicable"
        },
        {
            "gameTime": "2 - 27:48",
            "label": "header (unchallenged)",
            "position": "1668377",
            "team": "not applicable",
            "visibility": "not applicable"
        },
        {
            "gameTime": "2 - 29:11",
            "label": "header (unchallenged)",
            "position": "1751217",
            "team": "not applicable",
            "visibility": "not applicable"
        },
        {
            "gameTime": "2 - 29:25",
            "label": "header (unchallenged)",
            "position": "1765823",
            "team": "not applicable",
            "visibility": "not applicable"
        },
        {
            "gameTime": "2 - 29:50",
            "label": "header (challenged)",
            "position": "1790415",
            "team": "not applicable",
            "visibility": "not applicable"
        },
        {
            "gameTime": "2 - 30:29",
            "label": "header (unchallenged)",
            "position": "1829171",
            "team": "not applicable",
            "visibility": "not applicable"
        },
        {
            "gameTime": "2 - 30:30",
            "label": "header (challenged)",
            "position": "1830640",
            "team": "not applicable",
            "visibility": "not applicable"
        },
        {
            "gameTime": "2 - 30:41",
            "label": "header (challenged)",
            "position": "1841746",
            "team": "not applicable",
            "visibility": "not applicable"
        },
        {
            "gameTime": "2 - 31:02",
            "label": "header (unchallenged)",
            "position": "1862600",
            "team": "not applicable",
            "visibility": "not applicable"
        },
        {
            "gameTime": "2 - 31:04",
            "label": "header (unchallenged)",
            "position": "1864764",
            "team": "not applicable",
            "visibility": "not applicable"
        },
        {
            "gameTime": "2 - 31:53",
            "label": "header (unchallenged)",
            "position": "1913435",
            "team": "not applicable",
            "visibility": "not applicable"
        },
        {
            "gameTime": "2 - 31:55",
            "label": "header (challenged)",
            "position": "1915758",
            "team": "not applicable",
            "visibility": "not applicable"
        },
        {
            "gameTime": "2 - 32:14",
            "label": "header (unchallenged)",
            "position": "1934442",
            "team": "not applicable",
            "visibility": "not applicable"
        },
        {
            "gameTime": "2 - 32:16",
            "label": "header (unchallenged)",
            "position": "1936669",
            "team": "not applicable",
            "visibility": "not applicable"
        },
        {
            "gameTime": "2 - 32:29",
            "label": "header (challenged)",
            "position": "1949066",
            "team": "not applicable",
            "visibility": "not applicable"
        },
        {
            "gameTime": "2 - 32:31",
            "label": "header (unchallenged)",
            "position": "1951145",
            "team": "not applicable",
            "visibility": "not applicable"
        },
        {
            "gameTime": "2 - 33:24",
            "label": "header (unchallenged)",
            "position": "2004228",
            "team": "not applicable",
            "visibility": "not applicable"
        },
        {
            "gameTime": "2 - 33:26",
            "label": "header (unchallenged)",
            "position": "2006508",
            "team": "not applicable",
            "visibility": "not applicable"
        },
        {
            "gameTime": "2 - 35:22",
            "label": "header (challenged)",
            "position": "2122767",
            "team": "not applicable",
            "visibility": "not applicable"
        },
        {
            "gameTime": "2 - 35:57",
            "label": "header (challenged)",
            "position": "2157141",
            "team": "not applicable",
            "visibility": "not applicable"
        },
        {
            "gameTime": "2 - 36:47",
            "label": "header (unchallenged)",
            "position": "2207536",
            "team": "not applicable",
            "visibility": "not applicable"
        },
        {
            "gameTime": "2 - 37:40",
            "label": "header (unchallenged)",
            "position": "2260733",
            "team": "not applicable",
            "visibility": "not applicable"
        },
        {
            "gameTime": "2 - 38:22",
            "label": "header (unchallenged)",
            "position": "2302191",
            "team": "not applicable",
            "visibility": "not applicable"
        },
        {
            "gameTime": "2 - 38:24",
            "label": "header (challenged)",
            "position": "2304867",
            "team": "not applicable",
            "visibility": "not applicable"
        },
        {
            "gameTime": "2 - 38:27",
            "label": "header (unchallenged)",
            "position": "2307796",
            "team": "not applicable",
            "visibility": "not applicable"
        },
        {
            "gameTime": "2 - 39:46",
            "label": "header (challenged)",
            "position": "2386019",
            "team": "not applicable",
            "visibility": "not applicable"
        },
        {
            "gameTime": "2 - 39:59",
            "label": "header (challenged)",
            "position": "2399929",
            "team": "not applicable",
            "visibility": "not applicable"
        },
        {
            "gameTime": "2 - 40:38",
            "label": "header (challenged)",
            "position": "2438371",
            "team": "not applicable",
            "visibility": "not applicable"
        },
        {
            "gameTime": "2 - 41:29",
            "label": "header (unchallenged)",
            "position": "2489572",
            "team": "not applicable",
            "visibility": "not applicable"
        },
        {
            "gameTime": "2 - 41:36",
            "label": "header (unchallenged)",
            "position": "2496655",
            "team": "not applicable",
            "visibility": "not applicable"
        },
        {
            "gameTime": "2 - 42:32",
            "label": "header (challenged)",
            "position": "2552440",
            "team": "not applicable",
            "visibility": "not applicable"
        },
        {
            "gameTime": "2 - 42:53",
            "label": "header (challenged)",
            "position": "2573112",
            "team": "not applicable",
            "visibility": "not applicable"
        },
        {
            "gameTime": "2 - 43:24",
            "label": "header (challenged)",
            "position": "2604617",
            "team": "not applicable",
            "visibility": "not applicable"
        },
        {
            "gameTime": "2 - 43:55",
            "label": "header (challenged)",
            "position": "2635395",
            "team": "not applicable",
            "visibility": "not applicable"
        },
        {
            "gameTime": "2 - 43:56",
            "label": "header (unchallenged)",
            "position": "2636263",
            "team": "not applicable",
            "visibility": "not applicable"
        },
        {
            "gameTime": "2 - 44:00",
            "label": "header (unchallenged)",
            "position": "2640856",
            "team": "not applicable",
            "visibility": "not applicable"
        },
        {
            "gameTime": "2 - 45:11",
            "label": "possible head impact",
            "position": "2711767",
            "team": "not applicable",
            "visibility": "not applicable"
        },
        {
            "gameTime": "2 - 45:23",
            "label": "possible head impact",
            "position": "2723727",
            "team": "not applicable",
            "visibility": "not applicable"
        },
        {
            "gameTime": "2 - 45:41",
            "label": "header (challenged)",
            "position": "2741921",
            "team": "not applicable",
            "visibility": "not applicable"
        },
        {
            "gameTime": "2 - 46:06",
            "label": "header (challenged)",
            "position": "2766602",
            "team": "not applicable",
            "visibility": "not applicable"
        },
        {
            "gameTime": "2 - 46:30",
            "label": "header (unchallenged)",
            "position": "2790750",
            "team": "not applicable",
            "visibility": "not applicable"
        },
        {
            "gameTime": "2 - 46:32",
            "label": "header (unchallenged)",
            "position": "2792579",
            "team": "not applicable",
            "visibility": "not applicable"
        },
        {
            "gameTime": "2 - 46:34",
            "label": "header (unchallenged)",
            "position": "2794684",
            "team": "not applicable",
            "visibility": "not applicable"
        },
        {
            "gameTime": "2 - 46:50",
            "label": "header (unchallenged)",
            "position": "2810810",
            "team": "not applicable",
            "visibility": "not applicable"
        },
        {
            "gameTime": "2 - 46:57",
            "label": "header (unchallenged)",
            "position": "2817670",
            "team": "not applicable",
            "visibility": "not applicable"
        },
        {
            "gameTime": "2 - 47:36",
            "label": "header (unchallenged)",
            "position": "2856773",
            "team": "not applicable",
            "visibility": "not applicable"
        },
        {
            "gameTime": "2 - 47:42",
            "label": "header (unchallenged)",
            "position": "2862952",
            "team": "not applicable",
            "visibility": "not applicable"
        },
        {
            "gameTime": "2 - 48:27",
            "label": "header (challenged)",
            "position": "2907225",
            "team": "not applicable",
            "visibility": "not applicable"
        },
        {
            "gameTime": "2 - 48:37",
            "label": "header (challenged)",
            "position": "2917690",
            "team": "not applicable",
            "visibility": "not applicable"
        }
    ],
    "gameAwayTeam": "Manchester United",
    "gameDate": "21/02/2015 - 18:00",
    "gameHomeTeam": "Swansea",
    "gameScore": "2 - 1"
}