{
    "UrlLocal": "england_epl/2014-2015/2015-02-21 - 18-00 Chelsea 1 - 1 Burnley/",
    "UrlYoutube": "",
    "annotations": [
        {
            "gameTime": "1 - 00:15",
            "label": "header (challenged)",
            "position": "15961",
            "team": "not applicable",
            "visibility": "not applicable"
        },
        {
            "gameTime": "1 - 00:17",
            "label": "header (challenged)",
            "position": "17245",
            "team": "not applicable",
            "visibility": "not applicable"
        },
        {
            "gameTime": "1 - 01:56",
            "label": "header (unchallenged)",
            "position": "116319",
            "team": "not applicable",
            "visibility": "not applicable"
        },
        {
            "gameTime": "1 - 01:58",
            "label": "header (challenged)",
            "position": "118688",
            "team": "not applicable",
            "visibility": "not applicable"
        },
        {
            "gameTime": "1 - 02:02",
            "label": "header (challenged)",
            "position": "122332",
            "team": "not applicable",
            "visibility": "not applicable"
        },
        {
            "gameTime": "1 - 02:10",
            "label": "unclear head impact",
            "position": "130539",
            "team": "not applicable",
            "visibility": "not applicable"
        },
        {
            "gameTime": "1 - 02:34",
            "label": "header (unchallenged)",
            "position": "154038",
            "team": "not applicable",
            "visibility": "not applicable"
        },
        {
            "gameTime": "1 - 03:21",
            "label": "header (challenged)",
            "position": "201068",
            "team": "not applicable",
            "visibility": "not applicable"
        },
        {
            "gameTime": "1 - 03:26",
            "label": "header (challenged)",
            "position": "206265",
            "team": "not applicable",
            "visibility": "not applicable"
        },
        {
            "gameTime": "1 - 03:40",
            "label": "header (unchallenged)",
            "position": "220938",
            "team": "not applicable",
            "visibility": "not applicable"
        },
        {
            "gameTime": "1 - 04:30",
            "label": "header (unchallenged)",
            "position": "270440",
            "team": "not applicable",
            "visibility": "not applicable"
        },
        {
            "gameTime": "1 - 04:43",
            "label": "header (unchallenged)",
            "position": "283756",
            "team": "not applicable",
            "visibility": "not applicable"
        },
        {
            "gameTime": "1 - 04:53",
            "label": "header (unchallenged)",
            "position": "293802",
            "team": "not applicable",
            "visibility": "not applicable"
        },
        {
            "gameTime": "1 - 05:00",
            "label": "header (unchallenged)",
            "position": "300212",
            "team": "not applicable",
            "visibility": "not applicable"
        },
        {
            "gameTime": "1 - 05:01",
            "label": "header (unchallenged)",
            "position": "301437",
            "team": "not applicable",
            "visibility": "not applicable"
        },
        {
            "gameTime": "1 - 05:02",
            "label": "header (unchallenged)",
            "position": "302089",
            "team": "not applicable",
            "visibility": "not applicable"
        },
        {
            "gameTime": "1 - 05:03",
            "label": "header (challenged)",
            "position": "303979",
            "team": "not applicable",
            "visibility": "not applicable"
        },
        {
            "gameTime": "1 - 05:05",
            "label": "header (unchallenged)",
            "position": "305532",
            "team": "not applicable",
            "visibility": "not applicable"
        },
        {
            "gameTime": "1 - 05:07",
            "label": "header (unchallenged)",
            "position": "307240",
            "team": "not applicable",
            "visibility": "not applicable"
        },
        {
            "gameTime": "1 - 05:08",
            "label": "header (challenged)",
            "position": "308693",
            "team": "not applicable",
            "visibility": "not applicable"
        },
        {
            "gameTime": "1 - 05:45",
            "label": "header (unchallenged)",
            "position": "345177",
            "team": "not applicable",
            "visibility": "not applicable"
        },
        {
            "gameTime": "1 - 06:06",
            "label": "header (unchallenged)",
            "position": "366463",
            "team": "not applicable",
            "visibility": "not applicable"
        },
        {
            "gameTime": "1 - 06:09",
            "label": "unclear head impact",
            "position": "369664",
            "team": "not applicable",
            "visibility": "not applicable"
        },
        {
            "gameTime": "1 - 07:22",
            "label": "header (unchallenged)",
            "position": "442433",
            "team": "not applicable",
            "visibility": "not applicable"
        },
        {
            "gameTime": "1 - 07:26",
            "label": "header (unchallenged)",
            "position": "446544",
            "team": "not applicable",
            "visibility": "not applicable"
        },
        {
            "gameTime": "1 - 07:34",
            "label": "header (challenged)",
            "position": "454458",
            "team": "not applicable",
            "visibility": "not applicable"
        },
        {
            "gameTime": "1 - 08:07",
            "label": "header (unchallenged)",
            "position": "487522",
            "team": "not applicable",
            "visibility": "not applicable"
        },
        {
            "gameTime": "1 - 08:09",
            "label": "unclear head impact",
            "position": "489573",
            "team": "not applicable",
            "visibility": "not applicable"
        },
        {
            "gameTime": "1 - 08:22",
            "label": "header (challenged)",
            "position": "502145",
            "team": "not applicable",
            "visibility": "not applicable"
        },
        {
            "gameTime": "1 - 08:26",
            "label": "header (unchallenged)",
            "position": "506042",
            "team": "not applicable",
            "visibility": "not applicable"
        },
        {
            "gameTime": "1 - 08:40",
            "label": "header (unchallenged)",
            "position": "520996",
            "team": "not applicable",
            "visibility": "not applicable"
        },
        {
            "gameTime": "1 - 08:43",
            "label": "header (challenged)",
            "position": "523223",
            "team": "not applicable",
            "visibility": "not applicable"
        },
        {
            "gameTime": "1 - 09:26",
            "label": "header (unchallenged)",
            "position": "566838",
            "team": "not applicable",
            "visibility": "not applicable"
        },
        {
            "gameTime": "1 - 09:45",
            "label": "header (unchallenged)",
            "position": "585722",
            "team": "not applicable",
            "visibility": "not applicable"
        },
        {
            "gameTime": "1 - 10:04",
            "label": "header (challenged)",
            "position": "604277",
            "team": "not applicable",
            "visibility": "not applicable"
        },
        {
            "gameTime": "1 - 10:26",
            "label": "header (unchallenged)",
            "position": "626640",
            "team": "not applicable",
            "visibility": "not applicable"
        },
        {
            "gameTime": "1 - 10:28",
            "label": "header (unchallenged)",
            "position": "628528",
            "team": "not applicable",
            "visibility": "not applicable"
        },
        {
            "gameTime": "1 - 10:41",
            "label": "header (unchallenged)",
            "position": "641791",
            "team": "not applicable",
            "visibility": "not applicable"
        },
        {
            "gameTime": "1 - 10:50",
            "label": "unclear head impact",
            "position": "650944",
            "team": "not applicable",
            "visibility": "not applicable"
        },
        {
            "gameTime": "1 - 10:59",
            "label": "unclear head impact",
            "position": "659296",
            "team": "not applicable",
            "visibility": "not applicable"
        },
        {
            "gameTime": "1 - 11:17",
            "label": "header (unchallenged)",
            "position": "677621",
            "team": "not applicable",
            "visibility": "not applicable"
        },
        {
            "gameTime": "1 - 11:56",
            "label": "header (challenged)",
            "position": "716933",
            "team": "not applicable",
            "visibility": "not applicable"
        },
        {
            "gameTime": "1 - 12:01",
            "label": "header (unchallenged)",
            "position": "721642",
            "team": "not applicable",
            "visibility": "not applicable"
        },
        {
            "gameTime": "1 - 12:03",
            "label": "header (unchallenged)",
            "position": "723736",
            "team": "not applicable",
            "visibility": "not applicable"
        },
        {
            "gameTime": "1 - 12:17",
            "label": "header (unchallenged)",
            "position": "737870",
            "team": "not applicable",
            "visibility": "not applicable"
        },
        {
            "gameTime": "1 - 12:19",
            "label": "header (unchallenged)",
            "position": "739777",
            "team": "not applicable",
            "visibility": "not applicable"
        },
        {
            "gameTime": "1 - 12:38",
            "label": "header (challenged)",
            "position": "758171",
            "team": "not applicable",
            "visibility": "not applicable"
        },
        {
            "gameTime": "1 - 17:12",
            "label": "header (unchallenged)",
            "position": "1032980",
            "team": "not applicable",
            "visibility": "not applicable"
        },
        {
            "gameTime": "1 - 17:50",
            "label": "header (unchallenged)",
            "position": "1070157",
            "team": "not applicable",
            "visibility": "not applicable"
        },
        {
            "gameTime": "1 - 17:51",
            "label": "header (unchallenged)",
            "position": "1071784",
            "team": "not applicable",
            "visibility": "not applicable"
        },
        {
            "gameTime": "1 - 18:49",
            "label": "header (challenged)",
            "position": "1129883",
            "team": "not applicable",
            "visibility": "not applicable"
        },
        {
            "gameTime": "1 - 19:38",
            "label": "unclear head impact",
            "position": "1178068",
            "team": "not applicable",
            "visibility": "not applicable"
        },
        {
            "gameTime": "1 - 20:20",
            "label": "header (challenged)",
            "position": "1220355",
            "team": "not applicable",
            "visibility": "not applicable"
        },
        {
            "gameTime": "1 - 20:30",
            "label": "header (unchallenged)",
            "position": "1230486",
            "team": "not applicable",
            "visibility": "not applicable"
        },
        {
            "gameTime": "1 - 20:50",
            "label": "header (challenged)",
            "position": "1250123",
            "team": "not applicable",
            "visibility": "not applicable"
        },
        {
            "gameTime": "1 - 21:50",
            "label": "header (challenged)",
            "position": "1310177",
            "team": "not applicable",
            "visibility": "not applicable"
        },
        {
            "gameTime": "1 - 22:25",
            "label": "header (challenged)",
            "position": "1345352",
            "team": "not applicable",
            "visibility": "not applicable"
        },
        {
            "gameTime": "1 - 23:48",
            "label": "header (challenged)",
            "position": "1428453",
            "team": "not applicable",
            "visibility": "not applicable"
        },
        {
            "gameTime": "1 - 24:27",
            "label": "header (unchallenged)",
            "position": "1467433",
            "team": "not applicable",
            "visibility": "not applicable"
        },
        {
            "gameTime": "1 - 26:07",
            "label": "header (unchallenged)",
            "position": "1567816",
            "team": "not applicable",
            "visibility": "not applicable"
        },
        {
            "gameTime": "1 - 26:34",
            "label": "header (unchallenged)",
            "position": "1594227",
            "team": "not applicable",
            "visibility": "not applicable"
        },
        {
            "gameTime": "1 - 26:35",
            "label": "header (unchallenged)",
            "position": "1595342",
            "team": "not applicable",
            "visibility": "not applicable"
        },
        {
            "gameTime": "1 - 27:58",
            "label": "header (unchallenged)",
            "position": "1678254",
            "team": "not applicable",
            "visibility": "not applicable"
        },
        {
            "gameTime": "1 - 28:04",
            "label": "header (unchallenged)",
            "position": "1684110",
            "team": "not applicable",
            "visibility": "not applicable"
        },
        {
            "gameTime": "1 - 28:33",
            "label": "header (challenged)",
            "position": "1713279",
            "team": "not applicable",
            "visibility": "not applicable"
        },
        {
            "gameTime": "1 - 29:08",
            "label": "header (unchallenged)",
            "position": "1748791",
            "team": "not applicable",
            "visibility": "not applicable"
        },
        {
            "gameTime": "1 - 29:14",
            "label": "header (unchallenged)",
            "position": "1754828",
            "team": "not applicable",
            "visibility": "not applicable"
        },
        {
            "gameTime": "1 - 29:23",
            "label": "header (challenged)",
            "position": "1763837",
            "team": "not applicable",
            "visibility": "not applicable"
        },
        {
            "gameTime": "1 - 29:48",
            "label": "header (challenged)",
            "position": "1788398",
            "team": "not applicable",
            "visibility": "not applicable"
        },
        {
            "gameTime": "1 - 30:04",
            "label": "header (challenged)",
            "position": "1804209",
            "team": "not applicable",
            "visibility": "not applicable"
        },
        {
            "gameTime": "1 - 30:58",
            "label": "header (challenged)",
            "position": "1858713",
            "team": "not applicable",
            "visibility": "not applicable"
        },
        {
            "gameTime": "1 - 31:45",
            "label": "header (challenged)",
            "position": "1905414",
            "team": "not applicable",
            "visibility": "not applicable"
        },
        {
            "gameTime": "1 - 31:48",
            "label": "header (unchallenged)",
            "position": "1908371",
            "team": "not applicable",
            "visibility": "not applicable"
        },
        {
            "gameTime": "1 - 31:50",
            "label": "header (challenged)",
            "position": "1910359",
            "team": "not applicable",
            "visibility": "not applicable"
        },
        {
            "gameTime": "1 - 31:51",
            "label": "header (unchallenged)",
            "position": "1911859",
            "team": "not applicable",
            "visibility": "not applicable"
        },
        {
            "gameTime": "1 - 34:07",
            "label": "header (unchallenged)",
            "position": "2047150",
            "team": "not applicable",
            "visibility": "not applicable"
        },
        {
            "gameTime": "1 - 35:04",
            "label": "header (unchallenged)",
            "position": "2104938",
            "team": "not applicable",
            "visibility": "not applicable"
        },
        {
            "gameTime": "1 - 35:07",
            "label": "header (challenged)",
            "position": "2107534",
            "team": "not applicable",
            "visibility": "not applicable"
        },
        {
            "gameTime": "1 - 36:31",
            "label": "header (challenged)",
            "position": "2191434",
            "team": "not applicable",
            "visibility": "not applicable"
        },
        {
            "gameTime": "1 - 36:32",
            "label": "header (unchallenged)",
            "position": "2192942",
            "team": "not applicable",
            "visibility": "not applicable"
        },
        {
            "gameTime": "1 - 36:38",
            "label": "header (unchallenged)",
            "position": "2198579",
            "team": "not applicable",
            "visibility": "not applicable"
        },
        {
            "gameTime": "1 - 36:59",
            "label": "header (challenged)",
            "position": "2219748",
            "team": "not applicable",
            "visibility": "not applicable"
        },
        {
            "gameTime": "1 - 37:04",
            "label": "header (challenged)",
            "position": "2224607",
            "team": "not applicable",
            "visibility": "not applicable"
        },
        {
            "gameTime": "1 - 38:19",
            "label": "header (challenged)",
            "position": "2299580",
            "team": "not applicable",
            "visibility": "not applicable"
        },
        {
            "gameTime": "1 - 38:21",
            "label": "header (unchallenged)",
            "position": "2301067",
            "team": "not applicable",
            "visibility": "not applicable"
        },
        {
            "gameTime": "1 - 38:27",
            "label": "header (unchallenged)",
            "position": "2307209",
            "team": "not applicable",
            "visibility": "not applicable"
        },
        {
            "gameTime": "1 - 38:42",
            "label": "header (unchallenged)",
            "position": "2322512",
            "team": "not applicable",
            "visibility": "not applicable"
        },
        {
            "gameTime": "1 - 38:50",
            "label": "header (unchallenged)",
            "position": "2330253",
            "team": "not applicable",
            "visibility": "not applicable"
        },
        {
            "gameTime": "1 - 41:03",
            "label": "header (unchallenged)",
            "position": "2463341",
            "team": "not applicable",
            "visibility": "not applicable"
        },
        {
            "gameTime": "1 - 41:05",
            "label": "header (unchallenged)",
            "position": "2465489",
            "team": "not applicable",
            "visibility": "not applicable"
        },
        {
            "gameTime": "1 - 42:26",
            "label": "header (unchallenged)",
            "position": "2546598",
            "team": "not applicable",
            "visibility": "not applicable"
        },
        {
            "gameTime": "1 - 42:58",
            "label": "header (challenged)",
            "position": "2578470",
            "team": "not applicable",
            "visibility": "not applicable"
        },
        {
            "gameTime": "1 - 42:59",
            "label": "header (unchallenged)",
            "position": "2579828",
            "team": "not applicable",
            "visibility": "not applicable"
        },
        {
            "gameTime": "1 - 43:00",
            "label": "header (challenged)",
            "position": "2580788",
            "team": "not applicable",
            "visibility": "not applicable"
        },
        {
            "gameTime": "2 - 00:57",
            "label": "header (challenged)",
            "position": "57179",
            "team": "not applicable",
            "visibility": "not applicable"
        },
        {
            "gameTime": "2 - 00:58",
            "label": "header (unchallenged)",
            "position": "58436",
            "team": "not applicable",
            "visibility": "not applicable"
        },
        {
            "gameTime": "2 - 02:18",
            "label": "header (challenged)",
            "position": "138631",
            "team": "not applicable",
            "visibility": "not applicable"
        },
        {
            "gameTime": "2 - 02:34",
            "label": "header (unchallenged)",
            "position": "154899",
            "team": "not applicable",
            "visibility": "not applicable"
        },
        {
            "gameTime": "2 - 04:54",
            "label": "header (unchallenged)",
            "position": "294079",
            "team": "not applicable",
            "visibility": "not applicable"
        },
        {
            "gameTime": "2 - 05:27",
            "label": "header (unchallenged)",
            "position": "327322",
            "team": "not applicable",
            "visibility": "not applicable"
        },
        {
            "gameTime": "2 - 05:39",
            "label": "header (challenged)",
            "position": "339162",
            "team": "not applicable",
            "visibility": "not applicable"
        },
        {
            "gameTime": "2 - 05:57",
            "label": "header (challenged)",
            "position": "357233",
            "team": "not applicable",
            "visibility": "not applicable"
        },
        {
            "gameTime": "2 - 06:11",
            "label": "header (unchallenged)",
            "position": "371984",
            "team": "not applicable",
            "visibility": "not applicable"
        },
        {
            "gameTime": "2 - 06:34",
            "label": "header (challenged)",
            "position": "394024",
            "team": "not applicable",
            "visibility": "not applicable"
        },
        {
            "gameTime": "2 - 06:35",
            "label": "header (challenged)",
            "position": "395967",
            "team": "not applicable",
            "visibility": "not applicable"
        },
        {
            "gameTime": "2 - 07:30",
            "label": "header (challenged)",
            "position": "450648",
            "team": "not applicable",
            "visibility": "not applicable"
        },
        {
            "gameTime": "2 - 07:47",
            "label": "header (challenged)",
            "position": "467385",
            "team": "not applicable",
            "visibility": "not applicable"
        },
        {
            "gameTime": "2 - 07:53",
            "label": "header (challenged)",
            "position": "473786",
            "team": "not applicable",
            "visibility": "not applicable"
        },
        {
            "gameTime": "2 - 08:09",
            "label": "header (challenged)",
            "position": "489011",
            "team": "not applicable",
            "visibility": "not applicable"
        },
        {
            "gameTime": "2 - 08:36",
            "label": "header (unchallenged)",
            "position": "516586",
            "team": "not applicable",
            "visibility": "not applicable"
        },
        {
            "gameTime": "2 - 08:38",
            "label": "header (unchallenged)",
            "position": "518718",
            "team": "not applicable",
            "visibility": "not applicable"
        },
        {
            "gameTime": "2 - 08:39",
            "label": "header (unchallenged)",
            "position": "519971",
            "team": "not applicable",
            "visibility": "not applicable"
        },
        {
            "gameTime": "2 - 08:46",
            "label": "header (unchallenged)",
            "position": "526959",
            "team": "not applicable",
            "visibility": "not applicable"
        },
        {
            "gameTime": "2 - 09:13",
            "label": "header (unchallenged)",
            "position": "553882",
            "team": "not applicable",
            "visibility": "not applicable"
        },
        {
            "gameTime": "2 - 09:45",
            "label": "header (challenged)",
            "position": "585831",
            "team": "not applicable",
            "visibility": "not applicable"
        },
        {
            "gameTime": "2 - 10:22",
            "label": "header (unchallenged)",
            "position": "622540",
            "team": "not applicable",
            "visibility": "not applicable"
        },
        {
            "gameTime": "2 - 10:24",
            "label": "header (unchallenged)",
            "position": "624495",
            "team": "not applicable",
            "visibility": "not applicable"
        },
        {
            "gameTime": "2 - 11:42",
            "label": "header (unchallenged)",
            "position": "702621",
            "team": "not applicable",
            "visibility": "not applicable"
        },
        {
            "gameTime": "2 - 13:07",
            "label": "unclear head impact",
            "position": "787029",
            "team": "not applicable",
            "visibility": "not applicable"
        },
        {
            "gameTime": "2 - 13:36",
            "label": "header (unchallenged)",
            "position": "816220",
            "team": "not applicable",
            "visibility": "not applicable"
        },
        {
            "gameTime": "2 - 14:08",
            "label": "header (unchallenged)",
            "position": "848603",
            "team": "not applicable",
            "visibility": "not applicable"
        },
        {
            "gameTime": "2 - 16:50",
            "label": "header (challenged)",
            "position": "1010369",
            "team": "not applicable",
            "visibility": "not applicable"
        },
        {
            "gameTime": "2 - 16:52",
            "label": "unclear head impact",
            "position": "1012295",
            "team": "not applicable",
            "visibility": "not applicable"
        },
        {
            "gameTime": "2 - 17:43",
            "label": "header (challenged)",
            "position": "1063695",
            "team": "not applicable",
            "visibility": "not applicable"
        },
        {
            "gameTime": "2 - 18:02",
            "label": "header (challenged)",
            "position": "1082605",
            "team": "not applicable",
            "visibility": "not applicable"
        },
        {
            "gameTime": "2 - 18:06",
            "label": "header (unchallenged)",
            "position": "1086185",
            "team": "not applicable",
            "visibility": "not applicable"
        },
        {
            "gameTime": "2 - 19:07",
            "label": "header (challenged)",
            "position": "1147938",
            "team": "not applicable",
            "visibility": "not applicable"
        },
        {
            "gameTime": "2 - 21:06",
            "label": "header (challenged)",
            "position": "1266723",
            "team": "not applicable",
            "visibility": "not applicable"
        },
        {
            "gameTime": "2 - 21:07",
            "label": "header (unchallenged)",
            "position": "1267920",
            "team": "not applicable",
            "visibility": "not applicable"
        },
        {
            "gameTime": "2 - 21:36",
            "label": "header (unchallenged)",
            "position": "1296210",
            "team": "not applicable",
            "visibility": "not applicable"
        },
        {
            "gameTime": "2 - 21:39",
            "label": "header (challenged)",
            "position": "1299986",
            "team": "not applicable",
            "visibility": "not applicable"
        },
        {
            "gameTime": "2 - 22:20",
            "label": "header (unchallenged)",
            "position": "1340139",
            "team": "not applicable",
            "visibility": "not applicable"
        },
        {
            "gameTime": "2 - 22:23",
            "label": "header (challenged)",
            "position": "1343009",
            "team": "not applicable",
            "visibility": "not applicable"
        },
        {
            "gameTime": "2 - 22:57",
            "label": "header (unchallenged)",
            "position": "1377074",
            "team": "not applicable",
            "visibility": "not applicable"
        },
        {
            "gameTime": "2 - 23:30",
            "label": "header (challenged)",
            "position": "1410445",
            "team": "not applicable",
            "visibility": "not applicable"
        },
        {
            "gameTime": "2 - 24:10",
            "label": "unclear head impact",
            "position": "1450004",
            "team": "not applicable",
            "visibility": "not applicable"
        },
        {
            "gameTime": "2 - 24:56",
            "label": "unclear head impact",
            "position": "1496546",
            "team": "not applicable",
            "visibility": "not applicable"
        },
        {
            "gameTime": "2 - 27:21",
            "label": "header (unchallenged)",
            "position": "1641353",
            "team": "not applicable",
            "visibility": "not applicable"
        },
        {
            "gameTime": "2 - 27:26",
            "label": "unclear head impact",
            "position": "1646800",
            "team": "not applicable",
            "visibility": "not applicable"
        },
        {
            "gameTime": "2 - 27:51",
            "label": "header (unchallenged)",
            "position": "1671678",
            "team": "not applicable",
            "visibility": "not applicable"
        },
        {
            "gameTime": "2 - 27:53",
            "label": "header (unchallenged)",
            "position": "1673112",
            "team": "not applicable",
            "visibility": "not applicable"
        },
        {
            "gameTime": "2 - 27:59",
            "label": "header (unchallenged)",
            "position": "1679141",
            "team": "not applicable",
            "visibility": "not applicable"
        },
        {
            "gameTime": "2 - 28:18",
            "label": "header (unchallenged)",
            "position": "1698077",
            "team": "not applicable",
            "visibility": "not applicable"
        },
        {
            "gameTime": "2 - 28:37",
            "label": "header (challenged)",
            "position": "1717873",
            "team": "not applicable",
            "visibility": "not applicable"
        },
        {
            "gameTime": "2 - 29:27",
            "label": "header (challenged)",
            "position": "1767708",
            "team": "not applicable",
            "visibility": "not applicable"
        },
        {
            "gameTime": "2 - 29:28",
            "label": "header (unchallenged)",
            "position": "1768915",
            "team": "not applicable",
            "visibility": "not applicable"
        },
        {
            "gameTime": "2 - 29:33",
            "label": "header (unchallenged)",
            "position": "1773722",
            "team": "not applicable",
            "visibility": "not applicable"
        },
        {
            "gameTime": "2 - 31:17",
            "label": "header (unchallenged)",
            "position": "1877020",
            "team": "not applicable",
            "visibility": "not applicable"
        },
        {
            "gameTime": "2 - 31:18",
            "label": "header (unchallenged)",
            "position": "1878798",
            "team": "not applicable",
            "visibility": "not applicable"
        },
        {
            "gameTime": "2 - 31:19",
            "label": "header (unchallenged)",
            "position": "1879791",
            "team": "not applicable",
            "visibility": "not applicable"
        },
        {
            "gameTime": "2 - 31:23",
            "label": "header (challenged)",
            "position": "1883965",
            "team": "not applicable",
            "visibility": "not applicable"
        },
        {
            "gameTime": "2 - 32:07",
            "label": "header (challenged)",
            "position": "1927330",
            "team": "not applicable",
            "visibility": "not applicable"
        },
        {
            "gameTime": "2 - 32:12",
            "label": "header (unchallenged)",
            "position": "1932039",
            "team": "not applicable",
            "visibility": "not applicable"
        },
        {
            "gameTime": "2 - 32:31",
            "label": "header (unchallenged)",
            "position": "1951266",
            "team": "not applicable",
            "visibility": "not applicable"
        },
        {
            "gameTime": "2 - 32:33",
            "label": "header (unchallenged)",
            "position": "1953229",
            "team": "not applicable",
            "visibility": "not applicable"
        },
        {
            "gameTime": "2 - 33:42",
            "label": "header (challenged)",
            "position": "2022515",
            "team": "not applicable",
            "visibility": "not applicable"
        },
        {
            "gameTime": "2 - 34:31",
            "label": "header (unchallenged)",
            "position": "2071233",
            "team": "not applicable",
            "visibility": "not applicable"
        },
        {
            "gameTime": "2 - 35:21",
            "label": "header (challenged)",
            "position": "2121078",
            "team": "not applicable",
            "visibility": "not applicable"
        },
        {
            "gameTime": "2 - 35:43",
            "label": "header (challenged)",
            "position": "2143479",
            "team": "not applicable",
            "visibility": "not applicable"
        },
        {
            "gameTime": "2 - 35:48",
            "label": "header (challenged)",
            "position": "2148988",
            "team": "not applicable",
            "visibility": "not applicable"
        },
        {
            "gameTime": "2 - 35:52",
            "label": "header (challenged)",
            "position": "2152646",
            "team": "not applicable",
            "visibility": "not applicable"
        },
        {
            "gameTime": "2 - 35:57",
            "label": "header (challenged)",
            "position": "2157446",
            "team": "not applicable",
            "visibility": "not applicable"
        },
        {
            "gameTime": "2 - 38:44",
            "label": "header (challenged)",
            "position": "2324469",
            "team": "not applicable",
            "visibility": "not applicable"
        },
        {
            "gameTime": "2 - 39:27",
            "label": "header (unchallenged)",
            "position": "2367998",
            "team": "not applicable",
            "visibility": "not applicable"
        },
        {
            "gameTime": "2 - 40:17",
            "label": "header (unchallenged)",
            "position": "2417567",
            "team": "not applicable",
            "visibility": "not applicable"
        },
        {
            "gameTime": "2 - 40:56",
            "label": "header (unchallenged)",
            "position": "2456967",
            "team": "not applicable",
            "visibility": "not applicable"
        },
        {
            "gameTime": "2 - 41:06",
            "label": "header (challenged)",
            "position": "2466516",
            "team": "not applicable",
            "visibility": "not applicable"
        },
        {
            "gameTime": "2 - 41:25",
            "label": "header (challenged)",
            "position": "2485015",
            "team": "not applicable",
            "visibility": "not applicable"
        },
        {
            "gameTime": "2 - 42:30",
            "label": "header (challenged)",
            "position": "2550880",
            "team": "not applicable",
            "visibility": "not applicable"
        },
        {
            "gameTime": "2 - 43:14",
            "label": "header (unchallenged)",
            "position": "2594668",
            "team": "not applicable",
            "visibility": "not applicable"
        },
        {
            "gameTime": "2 - 43:17",
            "label": "header (challenged)",
            "position": "2597802",
            "team": "not applicable",
            "visibility": "not applicable"
        },
        {
            "gameTime": "2 - 43:19",
            "label": "header (unchallenged)",
            "position": "2599904",
            "team": "not applicable",
            "visibility": "not applicable"
        },
        {
            "gameTime": "2 - 43:30",
            "label": "header (challenged)",
            "position": "2610429",
            "team": "not applicable",
            "visibility": "not applicable"
        },
        {
            "gameTime": "2 - 43:32",
            "label": "header (unchallenged)",
            "position": "2612589",
            "team": "not applicable",
            "visibility": "not applicable"
        },
        {
            "gameTime": "2 - 44:03",
            "label": "header (unchallenged)",
            "position": "2643492",
            "team": "not applicable",
            "visibility": "not applicable"
        }
    ],
    "gameAwayTeam": "Burnley",
    "gameDate": "21/02/2015 - 18:00",
    "gameHomeTeam": "Chelsea",
    "gameScore": "1 - 1"
}